{
	"GO" : "GO",
	"USE_DATABASE" : "USE %s",
	"CREATE_SCHEMA" : "CREATE SCHEMA %s;",
	"DELETE_SCHEMA" : "DROP SCHEMA %s;",
	"CREATE_DATABASE" : "CREATE DATABASE %s;",
	"DELETE_DATABASE" : "DROP DATABASE %s;",
	"LIST_SCHEMA" : "SELECT name FROM sys.schemas;",
	"CREATE_BACKUP" : "BACKUP DATABASE %s TO DISK = '%s.bak' WITH FORMAT, DESCRIPTION = '%s', NAME = '%s';",
	"DELETE_BACKUP_FILEGROUP" : "DELETE FROM msdb.dbo.backupfilegroup WHERE backup_set_id IN (SELECT backup_set_id FROM msdb.dbo.backupset WHERE name like '%s');",
	"DELETE_BACKUP_FILE" : "DELETE FROM msdb.dbo.backupfile WHERE backup_set_id IN (SELECT backup_set_id FROM msdb.dbo.backupset WHERE name like '%s');",
	"DELETE_RESTORE_FILEGROUP" : "DELETE FROM msdb.dbo.restorefilegroup WHERE restore_history_id IN (SELECT restore_history_id FROM msdb.dbo.restorefile WHERE restore_history_id IN (SELECT restore_history_id FROM msdb.dbo.restorehistory WHERE backup_set_id IN (SELECT backup_set_id FROM msdb.dbo.backupset WHERE name like '%s')));",
	"DELETE_RESTORE_FILE" : "DELETE FROM msdb.dbo.restorefile WHERE restore_history_id IN (SELECT restore_history_id FROM msdb.dbo.restorehistory WHERE backup_set_id IN (SELECT backup_set_id FROM msdb.dbo.backupset WHERE name like '%s'));",
	"DELETE_RESTORE_FILEHISTOREY" : "DELETE FROM msdb.dbo.restorehistory WHERE backup_set_id IN (SELECT backup_set_id FROM msdb.dbo.backupset WHERE name like '%s');",
	"DELETE_BACKUP" : "DELETE FROM msdb.dbo.backupset WHERE name like '%s';",
	"DELETE_BACKUP_FILEGROUP_DUE_DB_DELETION" : "DELETE FROM msdb.dbo.backupfilegroup WHERE backup_set_id IN (SELECT backup_set_id FROM msdb.dbo.backupset WHERE database_name like '%s');",
	"DELETE_BACKUP_FILE_DUE_DB_DELETION" : "DELETE FROM msdb.dbo.backupfile WHERE backup_set_id IN (SELECT backup_set_id FROM msdb.dbo.backupset WHERE database_name like '%s');",
	"DELETE_RESTORE_FILEGROUP_DUE_DB_DELETION" : "DELETE FROM msdb.dbo.restorefilegroup WHERE restore_history_id IN (SELECT restore_history_id FROM msdb.dbo.restorefile WHERE restore_history_id IN (SELECT restore_history_id FROM msdb.dbo.restorehistory WHERE backup_set_id IN (SELECT backup_set_id FROM msdb.dbo.backupset WHERE database_name like '%s')));",
	"DELETE_RESTORE_FILE_DUE_DB_DELETION" : "DELETE FROM msdb.dbo.restorefile WHERE restore_history_id IN (SELECT restore_history_id FROM msdb.dbo.restorehistory WHERE backup_set_id IN (SELECT backup_set_id FROM msdb.dbo.backupset WHERE database_name like '%s'));",
	"DELETE_RESTORE_FILEHISTOREY_DUE_DB_DELETION" : "DELETE FROM msdb.dbo.restorehistory WHERE backup_set_id IN (SELECT backup_set_id FROM msdb.dbo.backupset WHERE database_name like '%s');",
	"DELETE_BACKUP_DUE_DB_DELETION" : "DELETE FROM msdb.dbo.backupset WHERE database_name like '%s';",
	"SELECT_BACKUP_BY_NAME" : "SELECT name FROM msdb.dbo.backupset WHERE name like '%s';",
	"SELECT_DATABASE_BY_NAME" : "SELECT name FROM sys.databases WHERE name like '%s';",
	"LIST_ALL_BACKUPS" : "SELECT database_name, name, description, database_creation_date FROM msdb.dbo.backupset",
	"LIST_ALL_BACKUPS_FROM_DATABASE" : "SELECT database_name, name, description, database_creation_date FROM msdb.dbo.backupset WHERE database_name like '%s';",
	"RESTORE_FILELISTONLY" :"RESTORE FILELISTONLY FROM DISK='%s.bak';",
	"RESTORE_DATABASE" : "RESTORE DATABASE %s FROM DISK = '%s.bak' WITH MOVE '%s' TO '%s.mdf', MOVE '%s' TO '%s_log.ldf';",
	"SELECT_DATABASE_NAME_FROM_BACKUP" : "SELECT database_name FROM msdb.dbo.backupset WHERE name like '%s';",
	"CLONE_DATABASE" : "DBCC CLONEDATABASE (%s, %s);",
	"LIST_DATABASES" : "SELECT name FROM master.dbo.sysdatabases;",
	"COMPARE_EXPECT_INFORMATION_SCHEMA" : "SELECT TABLE_SCHEMA, TABLE_NAME, COLUMN_NAME, COLLATION_NAME, ORDINAL_POSITION, COLUMN_DEFAULT, IS_NULLABLE, DATA_TYPE, CHARACTER_MAXIMUM_LENGTH, CHARACTER_OCTET_LENGTH, NUMERIC_PRECISION, NUMERIC_PRECISION_RADIX, NUMERIC_SCALE, DATETIME_PRECISION, CHARACTER_SET_CATALOG, CHARACTER_SET_SCHEMA, CHARACTER_SET_NAME, COLLATION_CATALOG, COLLATION_SCHEMA, COLLATION_NAME, DOMAIN_CATALOG, DOMAIN_SCHEMA, DOMAIN_NAME FROM %s.INFORMATION_SCHEMA.COLUMNS EXCEPT SELECT TABLE_SCHEMA, TABLE_NAME, COLUMN_NAME, COLLATION_NAME, ORDINAL_POSITION, COLUMN_DEFAULT, IS_NULLABLE, DATA_TYPE, CHARACTER_MAXIMUM_LENGTH, CHARACTER_OCTET_LENGTH, NUMERIC_PRECISION, NUMERIC_PRECISION_RADIX, NUMERIC_SCALE, DATETIME_PRECISION, CHARACTER_SET_CATALOG, CHARACTER_SET_SCHEMA, CHARACTER_SET_NAME, COLLATION_CATALOG, COLLATION_SCHEMA, COLLATION_NAME, DOMAIN_CATALOG, DOMAIN_SCHEMA, DOMAIN_NAME FROM %s.INFORMATION_SCHEMA.COLUMNS;",
	"SELECT_ALL_TABLES" : "SELECT TABLE_NAME, TABLE_SCHEMA FROM %s.INFORMATION_SCHEMA.TABLES",
	"BCP" : "BCP %s.%s.%s out \"%s\" -S %s -U %s -P %s -c"
}