[
  {
    "machine": "211472028e",
    "start": 1,
    "duration": 120,
    "stress_parameter":{
      "cpu":1,
      "io":1,
      "vm": 3,
      "vm-bytes": "512m",
      "hdd":1
    }
  },
  {
    "machine": "211472028e",
    "start": 20,
    "duration": 0,
    "command": "sudo shutdown -h now"
  },
  {
    "machine": "f55ed606e5",
    "start": 2,
    "duration": 30,
    "http_flood":{
      "port":2379,
      "path":"/v2/keys/foobar",
      "retries": 4200000,
      "delay": 0
    }
  }
]