{
	"info": {
		"_postman_id": "ca1cf84b-21f9-4ef8-ba2f-01cecca2bd17",
		"name": "Bachelor Thesis - Scaffolder API",
		"schema": "https://schema.getpostman.com/json/collection/v2.1.0/collection.json"
	},
	"item": [
		{
			"name": "Check Name",
			"request": {
				"method": "GET",
				"header": [],
				"url": {
					"raw": "http://127.0.0.1:8000/api/check-name?name=Express app",
					"protocol": "http",
					"host": [
						"127",
						"0",
						"0",
						"1"
					],
					"port": "8000",
					"path": [
						"api",
						"check-name"
					],
					"query": [
						{
							"key": "name",
							"value": "Express app"
						}
					]
				}
			},
			"response": []
		},
		{
			"name": "Login",
			"protocolProfileBehavior": {
				"followRedirects": false
			},
			"request": {
				"method": "GET",
				"header": [],
				"url": {
					"raw": "http://127.0.0.1:8000/api/login",
					"protocol": "http",
					"host": [
						"127",
						"0",
						"0",
						"1"
					],
					"port": "8000",
					"path": [
						"api",
						"login"
					]
				}
			},
			"response": []
		},
		{
			"name": "Authorize",
			"request": {
				"method": "GET",
				"header": [],
				"url": {
					"raw": "http://127.0.0.1:8000/api/auth?code=56d325d5ad2ef797b64b3ea18689152feabdfb82c9f6e7b1870bca7c23bf8fd2&state=EOBMY73CYI5SIWVS",
					"protocol": "http",
					"host": [
						"127",
						"0",
						"0",
						"1"
					],
					"port": "8000",
					"path": [
						"api",
						"auth"
					],
					"query": [
						{
							"key": "code",
							"value": "56d325d5ad2ef797b64b3ea18689152feabdfb82c9f6e7b1870bca7c23bf8fd2"
						},
						{
							"key": "state",
							"value": "EOBMY73CYI5SIWVS"
						}
					]
				}
			},
			"response": []
		},
		{
			"name": "Check Session",
			"request": {
				"method": "GET",
				"header": [],
				"url": {
					"raw": "http://127.0.0.1:8000/api/check-session",
					"protocol": "http",
					"host": [
						"127",
						"0",
						"0",
						"1"
					],
					"port": "8000",
					"path": [
						"api",
						"check-session"
					]
				}
			},
			"response": []
		},
		{
			"name": "Logout",
			"protocolProfileBehavior": {
				"followRedirects": false
			},
			"request": {
				"method": "GET",
				"header": [],
				"url": {
					"raw": "http://127.0.0.1:8000/api/logout",
					"protocol": "http",
					"host": [
						"127",
						"0",
						"0",
						"1"
					],
					"port": "8000",
					"path": [
						"api",
						"logout"
					]
				}
			},
			"response": []
		},
		{
			"name": "Tech Stack Options",
			"request": {
				"method": "GET",
				"header": [],
				"url": {
					"raw": "http://127.0.0.1:8000/api/options",
					"protocol": "http",
					"host": [
						"127",
						"0",
						"0",
						"1"
					],
					"port": "8000",
					"path": [
						"api",
						"options"
					]
				}
			},
			"response": []
		},
		{
			"name": "Check Capacity",
			"request": {
				"method": "GET",
				"header": [],
				"url": {
					"raw": "http://127.0.0.1:8000/api/check-capacity",
					"protocol": "http",
					"host": [
						"127",
						"0",
						"0",
						"1"
					],
					"port": "8000",
					"path": [
						"api",
						"check-capacity"
					]
				}
			},
			"response": []
		},
		{
			"name": "Create Project",
			"request": {
				"method": "POST",
				"header": [],
				"body": {
					"mode": "raw",
					"raw": "{\r\n    \"name\": \"Express appp\",\r\n    \"description\": \"\",\r\n    \"visibility\": \"private\",\r\n    \"userInterface\": \"vanilla_js\",\r\n    \"application\": \"node_js_express\",\r\n    \"dataStorage\": \"redis\",\r\n    \"persistence\": true,\r\n    \"job\": true,\r\n    \"cronJob\": true\r\n}",
					"options": {
						"raw": {
							"language": "json"
						}
					}
				},
				"url": {
					"raw": "http://127.0.0.1:8000/api/project",
					"protocol": "http",
					"host": [
						"127",
						"0",
						"0",
						"1"
					],
					"port": "8000",
					"path": [
						"api",
						"project"
					]
				}
			},
			"response": []
		}
	],
	"protocolProfileBehavior": {}
}