{
	"info": {
		"_postman_id": "305b40c2-be84-44c3-beeb-2914295751e4",
		"name": "template-project-crud-app",
		"schema": "https://schema.getpostman.com/json/collection/v2.1.0/collection.json"
	},
	"item": [
		{
			"name": "create",
			"request": {
				"method": "POST",
				"header": [],
				"body": {
					"mode": "raw",
					"raw": "{\"name\":\"Manni\"}",
					"options": {
						"raw": {
							"language": "json"
						}
					}
				},
				"url": {
					"raw": "{{HOST}}/api/names",
					"host": [
						"{{HOST}}"
					],
					"path": [
						"api",
						"names"
					]
				}
			},
			"response": []
		},
		{
			"name": "read",
			"request": {
				"method": "GET",
				"header": [],
				"url": {
					"raw": "{{HOST}}/api/names",
					"host": [
						"{{HOST}}"
					],
					"path": [
						"api",
						"names"
					]
				}
			},
			"response": []
		},
		{
			"name": "delete",
			"request": {
				"method": "DELETE",
				"header": [],
				"url": {
					"raw": "{{HOST}}/api/names/4",
					"host": [
						"{{HOST}}"
					],
					"path": [
						"api",
						"names",
						"4"
					]
				}
			},
			"response": []
		},
		{
			"name": "update",
			"request": {
				"method": "PUT",
				"header": [],
				"body": {
					"mode": "raw",
					"raw": "{\"name\":\"Fred\"}",
					"options": {
						"raw": {
							"language": "json"
						}
					}
				},
				"url": {
					"raw": "{{HOST}}/api/names/4",
					"host": [
						"{{HOST}}"
					],
					"path": [
						"api",
						"names",
						"4"
					]
				}
			},
			"response": []
		},
		{
			"name": "createMany",
			"request": {
				"method": "GET",
				"header": [],
				"url": {
					"raw": "{{HOST}}/api/names/createMany",
					"host": [
						"{{HOST}}"
					],
					"path": [
						"api",
						"names",
						"createMany"
					]
				}
			},
			"response": []
		}
	],
	"event": [
		{
			"listen": "prerequest",
			"script": {
				"id": "55b7ee5a-5433-42e8-8ac2-50ecf6947d9b",
				"type": "text/javascript",
				"exec": [
					""
				]
			}
		},
		{
			"listen": "test",
			"script": {
				"id": "fc95b123-1f27-4bb6-984f-7957804ec26f",
				"type": "text/javascript",
				"exec": [
					""
				]
			}
		}
	],
	"variable": [
		{
			"id": "78c8729e-007a-4128-90fd-cb6d82781260",
			"key": "HOST",
			"value": "http://localhost:80"
		}
	],
	"protocolProfileBehavior": {}
}