{
  "credentials":[
    {
      "provider" : "AWS",
      "account" : {
        "id" : "",
        "password": "",
        "output": "text",
        "region": "eu-central-1",
        "key_pair": ""
      }
    },
    {
      "provider" : "OpenStack",
      "account" : {
        "id" : "testuser",
        "password": "testpassword",
        "project-domain": "default",
        "user-domain": "default",
        "tenant": "projectname",
        "network_name": "networkname",
        "key-name": "testkey",
        "auth-url": "http://controller:5000/v3"
      }
    }
  ]
}