{
  "rule": [{
    "port": 111,
    "protocol": "tcp"
    },{
    "port": 111,
    "protocol": "udp"
    },{
    "port": 2379,
    "protocol": "tcp"
    },{
    "port": 2380,
    "protocol": "tcp"
    },{
    "port": 4001,
    "protocol": "tcp"
    },{
    "port": 4194,
    "protocol": "tcp"
    },{
    "port": 6443,
    "protocol": "tcp"
    },{
    "port": 7001,
    "protocol": "tcp"
    },{
    "port": 10248,
    "protocol": "tcp"
    },{
    "port": 10250,
    "protocol": "tcp"
    },{
    "port": 15441,
    "protocol": "tcp"
    },{
    "port": 24007,
    "protocol": "udp"
    },{
    "port": 24008,
    "protocol": "udp"
    },{
    "port": 24007,
    "protocol": "tcp"
    },{
    "port": 24008,
    "protocol": "tcp"
    },{
    "port": 38465,
    "protocol": "tcp"
    },{
    "port": 38466,
    "protocol": "tcp"
    },{
    "port": 38467,
    "protocol": "tcp"
    },{
    "port": 49152,
    "protocol": "tcp"
    },{
    "port": 49153,
    "protocol": "tcp"
    }]
 }   
 
