﻿"Teilnehmer ID";"Personal ID";Abgeschlossen;Teilnahmebeginn;Teilnahmedauer;Teilnahmeende;"URL Referral";"1. Frage: Wohnst Du in einem Wohnheim?";"2. Frage: Gibt es in Deinem Wohnheim eine Plattform zur sozialen und organisatorischen Interaktion?";"3. Frage: Welche Plattform wird in Deinem Wohnheim genutzt?";;;;;"4. Frage: Wie findest Du die Plattform?";"5. Frage: Wie gefallen Dir die folgenden Aspekte an der Plattform?";;;"6. Frage: Welchen Funktionsumfang würdest Du dir wünschen?";;;;;;;;;;
;;;;;;;;;"Soziale Netzwerke wie Facebook, Twitter, ...";"Messenger wie WhatsApp, Telegram, Signal, ...";"Hochschulinterne Anwendungen wie Moddle";E-Mails;"Etwas anderes";;"Aussehen der Oberfläche";Funktionsumfang;"Hast du weitere Punkte, die dir gefallen, oder nicht gefallen?";"Ein einfacher Chat";"Private Gruppenchats";"Öffentliche Gruppenchats";"News Forum";"Organisationsmöglichkeiten für einen Wohnheimflohmarkt";"Ein Foodshare-Programm";"Meldungen an den Hausmeister";Grillplatz-Buchungen;"Veranstaltungsinformationen (bspw. Parties)";"Kontaktdaten (bspw. des Hausmeister)";"Hast Du weitere Vorschläge?"
110002490;;ja;"06.10.2020 | 16:39";00:00:55;"06.10.2020 | 16:40";;Ja;"Ich habe keine Ahnung";;;;;;;;;;"Das brauche ich!";"Das brauche ich!";"Das brauche ich!";"Könnte nützlich sein";"Ist mir egal";"Ist mir egal";"Könnte nützlich sein";"Könnte nützlich sein";"Könnte nützlich sein";"Wahrscheinlich brauche ich es nicht";
110002811;;ja;"06.10.2020 | 16:45";00:01:08;"06.10.2020 | 16:46";;Nein;"Ich habe keine Ahnung";;;;;;;;;;"Könnte nützlich sein";"Könnte nützlich sein";"Das brauche ich!";"Könnte nützlich sein";"Wahrscheinlich brauche ich es nicht";"Ist mir egal";"Könnte nützlich sein";"Wahrscheinlich brauche ich es nicht";"Wahrscheinlich brauche ich es nicht";"Wahrscheinlich brauche ich es nicht";
110058276;;ja;"07.10.2020 | 16:48";00:05:37;"07.10.2020 | 16:53";;Nein;Ja;1;1;;1;;Neutral;;;;"Das brauche ich!";"Das brauche ich!";"Das brauche ich!";"Das brauche ich!";"Könnte nützlich sein";"Das brauche ich!";"Könnte nützlich sein";"Das brauche ich!";"Das brauche ich!";"Das brauche ich!";"Unserer Erfahrungen nach sind bewohner sehr schlecht erreichbar und aktivierbar. Wir (der Heimrat) haben schon alles probiert um mehr leute zu erreichen, ohne Erfolg.  Wenn Leute mitmachen nutzen sie aber alle bekannten Platformen.(ps. Das ist schon die 3te (in den letzten 4 Jahren) Bacholorarbeit die sich mit dem Thema beschäftigt."
110058295;;ja;"07.10.2020 | 16:48";00:01:14;"07.10.2020 | 16:49";;Ja;"Ich habe keine Ahnung";;;;;;;;;;"Könnte nützlich sein";"Wahrscheinlich brauche ich es nicht";"Könnte nützlich sein";"Könnte nützlich sein";"Werde ich definitiv  nicht nutzen!";"Könnte nützlich sein";"Das brauche ich!";"Wahrscheinlich brauche ich es nicht";"Könnte nützlich sein";"Könnte nützlich sein";
110058302;;ja;"07.10.2020 | 16:48";00:01:18;"07.10.2020 | 16:50";;Ja;Nein;;;;;;;;;;"Könnte nützlich sein";"Wahrscheinlich brauche ich es nicht";"Könnte nützlich sein";"Das brauche ich!";"Das brauche ich!";"Könnte nützlich sein";"Das brauche ich!";"Das brauche ich!";"Das brauche ich!";"Wahrscheinlich brauche ich es nicht";
110058304;;ja;"07.10.2020 | 16:48";00:01:43;"07.10.2020 | 16:50";;Ja;Nein;;;;;;;;;;"Ist mir egal";"Ist mir egal";"Wahrscheinlich brauche ich es nicht";"Das brauche ich!";"Ist mir egal";"Ist mir egal";"Das brauche ich!";"Ist mir egal";"Ist mir egal";"Das brauche ich!";
110058309;;ja;"07.10.2020 | 16:48";00:01:48;"07.10.2020 | 16:50";;Ja;"Ich habe keine Ahnung";;;;;;;;;;"Könnte nützlich sein";"Könnte nützlich sein";"Könnte nützlich sein";"Könnte nützlich sein";"Könnte nützlich sein";"Könnte nützlich sein";"Ist mir egal";"Könnte nützlich sein";"Das brauche ich!";"Ist mir egal";
110058337;;ja;"07.10.2020 | 16:49";00:03:01;"07.10.2020 | 16:52";;Ja;Nein;;;;;;;;;;"Könnte nützlich sein";"Könnte nützlich sein";"Wahrscheinlich brauche ich es nicht";"Das brauche ich!";"Könnte nützlich sein";"Könnte nützlich sein";"Könnte nützlich sein";"Könnte nützlich sein";"Das brauche ich!";"Das brauche ich!";
110058339;;ja;"07.10.2020 | 16:49";00:01:28;"07.10.2020 | 16:51";;Ja;Nein;;;;;;;;;;"Könnte nützlich sein";"Könnte nützlich sein";"Könnte nützlich sein";"Das brauche ich!";"Könnte nützlich sein";"Wahrscheinlich brauche ich es nicht";"Das brauche ich!";"Könnte nützlich sein";"Könnte nützlich sein";"Das brauche ich!";
110058344;;nein;"07.10.2020 | 16:49";00:01:40;;;Ja;Nein;;;;;;;;;;"Wahrscheinlich brauche ich es nicht";"Wahrscheinlich brauche ich es nicht";"Wahrscheinlich brauche ich es nicht";"Könnte nützlich sein";"Das brauche ich!";"Das brauche ich!";"Könnte nützlich sein";"Das brauche ich!";"Das brauche ich!";"Könnte nützlich sein";
110058351;;ja;"07.10.2020 | 16:50";00:01:36;"07.10.2020 | 16:51";;Ja;"Ich habe keine Ahnung";;;;;;;;;;"Wahrscheinlich brauche ich es nicht";"Wahrscheinlich brauche ich es nicht";"Wahrscheinlich brauche ich es nicht";"Könnte nützlich sein";"Könnte nützlich sein";"Werde ich definitiv  nicht nutzen!";"Könnte nützlich sein";"Könnte nützlich sein";"Könnte nützlich sein";"Könnte nützlich sein";
110058372;;nein;"07.10.2020 | 16:50";00:01:09;;;Ja;Nein;;;;;;;;;;"Wahrscheinlich brauche ich es nicht";"Wahrscheinlich brauche ich es nicht";"Könnte nützlich sein";"Könnte nützlich sein";"Werde ich definitiv  nicht nutzen!";"Werde ich definitiv  nicht nutzen!";"Könnte nützlich sein";"Könnte nützlich sein";"Das brauche ich!";"Könnte nützlich sein";
110058374;;nein;"07.10.2020 | 16:50";00:00:26;;;Nein;"Ich habe keine Ahnung";;;;;;;;;;;;;;;;;;;;
110058384;;ja;"07.10.2020 | 16:50";00:00:51;"07.10.2020 | 16:51";;Ja;Nein;;;;;;;;;;"Könnte nützlich sein";"Das brauche ich!";"Könnte nützlich sein";"Das brauche ich!";"Das brauche ich!";"Das brauche ich!";"Das brauche ich!";"Könnte nützlich sein";"Das brauche ich!";"Könnte nützlich sein";
110058393;;ja;"07.10.2020 | 16:50";00:02:02;"07.10.2020 | 16:52";;Nein;"Ich habe keine Ahnung";;;;;;;;;;"Könnte nützlich sein";"Könnte nützlich sein";"Das brauche ich!";"Das brauche ich!";"Könnte nützlich sein";"Könnte nützlich sein";"Das brauche ich!";"Wahrscheinlich brauche ich es nicht";"Das brauche ich!";"Das brauche ich!";
110058477;;nein;"07.10.2020 | 16:51";00:00:21;;;Nein;"Ich habe keine Ahnung";;;;;;;;;;;;;;;;;;;;
110058499;;ja;"07.10.2020 | 16:52";00:02:05;"07.10.2020 | 16:54";;Nein;Nein;;;;;;;;;;"Könnte nützlich sein";"Könnte nützlich sein";"Könnte nützlich sein";"Das brauche ich!";"Wahrscheinlich brauche ich es nicht";"Könnte nützlich sein";"Könnte nützlich sein";"Könnte nützlich sein";"Könnte nützlich sein";"Könnte nützlich sein";
110058516;;nein;"07.10.2020 | 16:52";00:00:15;;;Ja;Ja;;;;;;;;;;;;;;;;;;;;
110058562;;ja;"07.10.2020 | 16:53";00:03:09;"07.10.2020 | 16:56";;Ja;Nein;;;;;;;;;;"Das brauche ich!";"Könnte nützlich sein";"Könnte nützlich sein";"Das brauche ich!";"Wahrscheinlich brauche ich es nicht";"Könnte nützlich sein";"Das brauche ich!";"Wahrscheinlich brauche ich es nicht";"Könnte nützlich sein";"Könnte nützlich sein";"Free your stuff - Sachen tauschen/ verschenken, die man nicht mehr braucht"
110058573;;nein;"07.10.2020 | 16:53";00:06:32;;;Nein;"Ich habe keine Ahnung";;;;;;;;;;;;;;;;;;;;
110058650;;nein;"07.10.2020 | 16:55";00:01:27;;;Ja;Ja;;1;;;;"Ich nutze die Plattform nicht";"Keine Angabe";"Keine Angabe";;"Das brauche ich!";"Das brauche ich!";"Das brauche ich!";"Das brauche ich!";"Das brauche ich!";"Das brauche ich!";"Das brauche ich!";"Das brauche ich!";"Das brauche ich!";"Das brauche ich!";
110058653;;ja;"07.10.2020 | 16:55";00:04:58;"07.10.2020 | 17:00";;Ja;Ja;1;1;;;"Aushänge in den Treppenhäusern";Neutral;;;;"Könnte nützlich sein";"Das brauche ich!";"Das brauche ich!";"Das brauche ich!";"Wahrscheinlich brauche ich es nicht";"Könnte nützlich sein";"Wahrscheinlich brauche ich es nicht";"Werde ich definitiv  nicht nutzen!";"Das brauche ich!";"Das brauche ich!";"Wende dich doch mal an den Heimrat vom Studentensorf Lübeck in der Anschützstraße. Die können dir ganz bestimmt weiterhelfen.https://www.heimrat-hl.de/"
110058686;;ja;"07.10.2020 | 16:56";00:02:55;"07.10.2020 | 16:59";;Ja;Ja;1;1;;;;Angenehm;"Mag ich";"Mag ich";;"Ist mir egal";"Ist mir egal";"Ist mir egal";"Könnte nützlich sein";"Könnte nützlich sein";"Könnte nützlich sein";"Könnte nützlich sein";"Könnte nützlich sein";"Könnte nützlich sein";"Wahrscheinlich brauche ich es nicht";
110058748;;ja;"07.10.2020 | 16:57";00:06:39;"07.10.2020 | 17:04";;Ja;"Ich habe keine Ahnung";;;;;;;;;;"Könnte nützlich sein";"Könnte nützlich sein";"Könnte nützlich sein";"Das brauche ich!";"Könnte nützlich sein";"Könnte nützlich sein";"Das brauche ich!";"Ist mir egal";"Könnte nützlich sein";"Könnte nützlich sein";
110058774;;nein;"07.10.2020 | 16:58";00:00:26;;;Ja;Nein;;;;;;;;;;;;;;;;;;;;
110058867;;nein;"07.10.2020 | 17:00";00:00:58;;;Nein;"Ich habe keine Ahnung";;;;;;;;;;"Könnte nützlich sein";"Ist mir egal";"Ist mir egal";"Könnte nützlich sein";"Werde ich definitiv  nicht nutzen!";"Wahrscheinlich brauche ich es nicht";"Das brauche ich!";"Könnte nützlich sein";"Könnte nützlich sein";"Könnte nützlich sein";
110058912;;nein;"07.10.2020 | 17:01";00:00:39;;;Nein;"Ich habe keine Ahnung";;;;;;;;;;;;;;;;;;;;
110059004;;nein;"07.10.2020 | 17:03";00:00:20;;;Nein;Nein;;;;;;;;;;;;;;;;;;;;
110059046;;ja;"07.10.2020 | 17:04";15:42:21;"08.10.2020 | 08:46";;Ja;Nein;;;;;;;;;;"Könnte nützlich sein";"Könnte nützlich sein";"Könnte nützlich sein";"Das brauche ich!";"Könnte nützlich sein";"Das brauche ich!";"Das brauche ich!";"Das brauche ich!";"Das brauche ich!";"Das brauche ich!";
110059210;;ja;"07.10.2020 | 17:07";00:00:52;"07.10.2020 | 17:08";;Nein;"Ich habe keine Ahnung";;;;;;;;;;"Ist mir egal";"Ist mir egal";"Ist mir egal";"Ist mir egal";"Ist mir egal";"Ist mir egal";"Ist mir egal";"Ist mir egal";"Ist mir egal";"Ist mir egal";
110059299;;ja;"07.10.2020 | 17:10";00:01:31;"07.10.2020 | 17:11";;Nein;Nein;;;;;;;;;;"Wahrscheinlich brauche ich es nicht";"Könnte nützlich sein";"Werde ich definitiv  nicht nutzen!";"Könnte nützlich sein";"Das brauche ich!";"Wahrscheinlich brauche ich es nicht";"Das brauche ich!";"Das brauche ich!";"Wahrscheinlich brauche ich es nicht";"Das brauche ich!";
110059475;;ja;"07.10.2020 | 17:14";00:01:33;"07.10.2020 | 17:15";;Ja;"Ich habe keine Ahnung";;;;;;;;;;"Könnte nützlich sein";"Werde ich definitiv  nicht nutzen!";"Könnte nützlich sein";"Das brauche ich!";"Das brauche ich!";"Könnte nützlich sein";"Das brauche ich!";"Das brauche ich!";"Das brauche ich!";"Das brauche ich!";
110059720;;ja;"07.10.2020 | 17:19";00:00:44;"07.10.2020 | 17:20";;Ja;Nein;;;;;;;;;;"Könnte nützlich sein";"Könnte nützlich sein";"Wahrscheinlich brauche ich es nicht";"Das brauche ich!";"Wahrscheinlich brauche ich es nicht";"Werde ich definitiv  nicht nutzen!";"Das brauche ich!";"Wahrscheinlich brauche ich es nicht";"Könnte nützlich sein";"Das brauche ich!";
110060053;;nein;"07.10.2020 | 17:27";00:01:58;;;Nein;"Ich habe keine Ahnung";;;;;;;;;;"Das brauche ich!";"Das brauche ich!";"Das brauche ich!";"Das brauche ich!";"Das brauche ich!";"Das brauche ich!";"Das brauche ich!";"Das brauche ich!";"Das brauche ich!";"Das brauche ich!";
110060193;;ja;"07.10.2020 | 17:30";00:02:37;"07.10.2020 | 17:33";;Ja;"Ich habe keine Ahnung";;;;;;;;;;"Könnte nützlich sein";"Ist mir egal";"Könnte nützlich sein";"Könnte nützlich sein";"Ist mir egal";"Könnte nützlich sein";"Das brauche ich!";"Könnte nützlich sein";"Könnte nützlich sein";"Das brauche ich!";"Leichte und einfache Beschwerden zb bei Problemen mit Mitbewohnern"
110060427;;ja;"07.10.2020 | 17:36";00:01:34;"07.10.2020 | 17:38";;Nein;"Ich habe keine Ahnung";;;;;;;;;;"Könnte nützlich sein";"Könnte nützlich sein";"Könnte nützlich sein";"Könnte nützlich sein";"Könnte nützlich sein";"Das brauche ich!";"Könnte nützlich sein";"Könnte nützlich sein";"Könnte nützlich sein";"Das brauche ich!";
110061211;;ja;"07.10.2020 | 17:52";00:01:30;"07.10.2020 | 17:54";;Nein;Nein;;;;;;;;;;"Das brauche ich!";"Könnte nützlich sein";"Das brauche ich!";"Wahrscheinlich brauche ich es nicht";"Könnte nützlich sein";"Könnte nützlich sein";"Könnte nützlich sein";"Wahrscheinlich brauche ich es nicht";"Ist mir egal";"Das brauche ich!";
110061483;;ja;"07.10.2020 | 17:59";00:02:27;"07.10.2020 | 18:01";;Ja;"Ich habe keine Ahnung";;;;;;;;;;"Wahrscheinlich brauche ich es nicht";"Werde ich definitiv  nicht nutzen!";"Wahrscheinlich brauche ich es nicht";"Das brauche ich!";"Könnte nützlich sein";"Könnte nützlich sein";"Das brauche ich!";"Könnte nützlich sein";"Könnte nützlich sein";"Das brauche ich!";
110061760;;ja;"07.10.2020 | 18:06";00:04:12;"07.10.2020 | 18:11";;Ja;Nein;;;;;;;;;;"Könnte nützlich sein";"Könnte nützlich sein";"Könnte nützlich sein";"Das brauche ich!";"Das brauche ich!";"Das brauche ich!";"Das brauche ich!";"Das brauche ich!";"Das brauche ich!";"Das brauche ich!";
110061827;;ja;"07.10.2020 | 18:08";00:01:52;"07.10.2020 | 18:10";;Ja;Nein;;;;;;;;;;"Könnte nützlich sein";"Wahrscheinlich brauche ich es nicht";"Wahrscheinlich brauche ich es nicht";"Könnte nützlich sein";"Könnte nützlich sein";"Das brauche ich!";"Das brauche ich!";"Könnte nützlich sein";"Könnte nützlich sein";"Könnte nützlich sein";
110061843;;ja;"07.10.2020 | 18:08";00:02:04;"07.10.2020 | 18:10";;Ja;Nein;;;;;;;;;;"Könnte nützlich sein";"Wahrscheinlich brauche ich es nicht";"Könnte nützlich sein";"Könnte nützlich sein";"Das brauche ich!";"Könnte nützlich sein";"Das brauche ich!";"Das brauche ich!";"Das brauche ich!";"Könnte nützlich sein";"Eine Funktion wie Kleinanzeigen vllt :) "
110062089;;ja;"07.10.2020 | 18:15";00:10:54;"07.10.2020 | 18:25";;Nein;"Ich habe keine Ahnung";;;;;;;;;;"Könnte nützlich sein";"Werde ich definitiv  nicht nutzen!";"Werde ich definitiv  nicht nutzen!";"Werde ich definitiv  nicht nutzen!";"Werde ich definitiv  nicht nutzen!";"Ist mir egal";"Das brauche ich!";"Werde ich definitiv  nicht nutzen!";"Werde ich definitiv  nicht nutzen!";"Das brauche ich!";"Why is there not an option for this formular in English? Regulations clearly state a barrier- and discrimination-free communication with the University, this includes language. Perhaps you have disregarded that students in the dormitories that part of only English-only University programs are foreigners that only speak English. Your formular discriminates the most important population target in the dormitories, foreign English speakers. Your recollection of data is flawed. Your statistic results will be inaccurate."
110062216;;ja;"07.10.2020 | 18:18";00:02:14;"07.10.2020 | 18:20";;Ja;Nein;;;;;;;;;;"Wahrscheinlich brauche ich es nicht";"Wahrscheinlich brauche ich es nicht";"Könnte nützlich sein";"Könnte nützlich sein";"Könnte nützlich sein";"Wahrscheinlich brauche ich es nicht";"Das brauche ich!";"Könnte nützlich sein";"Könnte nützlich sein";"Das brauche ich!";
110062925;;nein;"07.10.2020 | 18:35";00:00:17;;;Nein;"Ich habe keine Ahnung";;;;;;;;;;;;;;;;;;;;
110064241;;nein;"07.10.2020 | 19:08";00:01:45;;;Ja;"Ich habe keine Ahnung";;;;;;;;;;"Könnte nützlich sein";"Könnte nützlich sein";"Könnte nützlich sein";"Könnte nützlich sein";"Wahrscheinlich brauche ich es nicht";"Wahrscheinlich brauche ich es nicht";"Könnte nützlich sein";"Wahrscheinlich brauche ich es nicht";"Könnte nützlich sein";"Das brauche ich!";
110065051;;nein;"07.10.2020 | 19:29";00:00:19;;;Ja;"Ich habe keine Ahnung";;;;;;;;;;;;;;;;;;;;
110065365;;nein;"07.10.2020 | 19:36";00:00:46;;;Ja;"Ich habe keine Ahnung";;;;;;;;;;;;;;;;;;;;
110066021;;ja;"07.10.2020 | 19:52";00:07:59;"07.10.2020 | 20:00";;Ja;"Ich habe keine Ahnung";;;;;;;;;;"Könnte nützlich sein";"Werde ich definitiv  nicht nutzen!";"Könnte nützlich sein";"Das brauche ich!";"Könnte nützlich sein";"Könnte nützlich sein";"Könnte nützlich sein";"Werde ich definitiv  nicht nutzen!";"Das brauche ich!";"Könnte nützlich sein";"Für gemeinsame Sport- oder Aktivitäten, bsp.ich geh immer un7 uhr laufen wer möchte mitkommen.
Sammelorganisationsplattform für den Einkauf bsp. Wasserlager im Wohnheim"
110066406;;ja;"07.10.2020 | 20:01";00:02:03;"07.10.2020 | 20:03";;Nein;"Ich habe keine Ahnung";;;;;;;;;;"Das brauche ich!";"Könnte nützlich sein";"Werde ich definitiv  nicht nutzen!";"Könnte nützlich sein";"Das brauche ich!";"Das brauche ich!";"Das brauche ich!";"Könnte nützlich sein";"Wahrscheinlich brauche ich es nicht";"Das brauche ich!";
110066544;;ja;"07.10.2020 | 20:05";00:01:53;"07.10.2020 | 20:06";;Nein;"Ich habe keine Ahnung";;;;;;;;;;"Wahrscheinlich brauche ich es nicht";"Wahrscheinlich brauche ich es nicht";"Wahrscheinlich brauche ich es nicht";"Könnte nützlich sein";"Werde ich definitiv  nicht nutzen!";"Wahrscheinlich brauche ich es nicht";"Das brauche ich!";"Wahrscheinlich brauche ich es nicht";"Wahrscheinlich brauche ich es nicht";"Das brauche ich!";
110067454;;ja;"07.10.2020 | 20:27";00:02:09;"07.10.2020 | 20:30";;Ja;Nein;;;;;;;;;;"Könnte nützlich sein";"Könnte nützlich sein";"Wahrscheinlich brauche ich es nicht";"Könnte nützlich sein";"Ist mir egal";"Werde ich definitiv  nicht nutzen!";"Wahrscheinlich brauche ich es nicht";"Könnte nützlich sein";"Könnte nützlich sein";"Könnte nützlich sein";
110068297;;ja;"07.10.2020 | 20:48";00:02:37;"07.10.2020 | 20:51";;Ja;Ja;1;1;;1;;Super!;"Mag ich";"Mag ich";;"Könnte nützlich sein";"Wahrscheinlich brauche ich es nicht";"Das brauche ich!";"Das brauche ich!";"Das brauche ich!";"Das brauche ich!";"Werde ich definitiv  nicht nutzen!";"Werde ich definitiv  nicht nutzen!";"Das brauche ich!";"Könnte nützlich sein";
110069436;;ja;"07.10.2020 | 21:15";00:06:04;"07.10.2020 | 21:21";;Ja;Ja;1;1;;;;"Weniger angenehm";"Finde ich gut";"Finde ich schlecht";;"Könnte nützlich sein";"Ist mir egal";"Könnte nützlich sein";"Das brauche ich!";"Könnte nützlich sein";"Das brauche ich!";"Das brauche ich!";"Das brauche ich!";"Das brauche ich!";"Das brauche ich!";"wär cool wenn man über die App sachen(werkzeug,spiele) beim Heimrat ausleihen könnte"
110070154;;ja;"07.10.2020 | 21:33";00:10:06;"07.10.2020 | 21:43";;Ja;"Ich habe keine Ahnung";;;;;;;;;;"Wahrscheinlich brauche ich es nicht";"Könnte nützlich sein";"Wahrscheinlich brauche ich es nicht";"Das brauche ich!";"Das brauche ich!";"Werde ich definitiv  nicht nutzen!";"Könnte nützlich sein";"Könnte nützlich sein";"Das brauche ich!";"Das brauche ich!";"Wg chats, in die man nur eintreten kann, wenn man in diese Wg einzieht. Einen entsprechenden ""Schlüssel"" müsste es vom Hausmeister geben, den man bei einer Zusage bekommen würde. Ein Features ""Ich habe dein Paket angenommen"". Interaktion mit dem Heimrat. Putzplan/Kaufplan für die Wgs mit Erinnerungen etc. "
110070549;;ja;"07.10.2020 | 21:42";00:03:36;"07.10.2020 | 21:46";;Ja;Ja;;1;;;;"In Ordnung/ausreichend";"Mag ich";"Mag ich";;"Wahrscheinlich brauche ich es nicht";"Wahrscheinlich brauche ich es nicht";"Das brauche ich!";"Das brauche ich!";"Wahrscheinlich brauche ich es nicht";"Das brauche ich!";"Das brauche ich!";"Das brauche ich!";"Das brauche ich!";"Könnte nützlich sein";
110072010;;ja;"07.10.2020 | 22:17";00:01:09;"07.10.2020 | 22:18";;Nein;"Ich habe keine Ahnung";;;;;;;;;;"Könnte nützlich sein";"Das brauche ich!";"Wahrscheinlich brauche ich es nicht";"Könnte nützlich sein";"Könnte nützlich sein";"Ist mir egal";"Könnte nützlich sein";"Das brauche ich!";"Könnte nützlich sein";"Das brauche ich!";
110074281;;ja;"07.10.2020 | 23:33";00:04:24;"07.10.2020 | 23:37";;Nein;"Ich habe keine Ahnung";;;;;;;;;;"Könnte nützlich sein";"Könnte nützlich sein";"Könnte nützlich sein";"Das brauche ich!";"Das brauche ich!";"Das brauche ich!";"Das brauche ich!";"Das brauche ich!";"Das brauche ich!";"Das brauche ich!";"Nicht nur FoodSharing,sondern gerne auch andere Dinge wie Bohrmaschinen, Drucker,...
Man könnte auch insgesamt eine Taush-/oder Kompetenzbörse aufmachen "
110075341;;ja;"08.10.2020 | 00:21";00:01:22;"08.10.2020 | 00:22";;Nein;Nein;;;;;;;;;;"Das brauche ich!";"Könnte nützlich sein";"Könnte nützlich sein";"Das brauche ich!";"Das brauche ich!";"Das brauche ich!";"Das brauche ich!";"Das brauche ich!";"Das brauche ich!";"Das brauche ich!";
110080943;;ja;"08.10.2020 | 07:26";00:01:24;"08.10.2020 | 07:28";;Nein;Nein;;;;;;;;;;"Ist mir egal";"Könnte nützlich sein";"Könnte nützlich sein";"Könnte nützlich sein";"Wahrscheinlich brauche ich es nicht";"Könnte nützlich sein";"Das brauche ich!";"Könnte nützlich sein";"Könnte nützlich sein";"Wahrscheinlich brauche ich es nicht";
110081728;;ja;"08.10.2020 | 07:56";00:02:32;"08.10.2020 | 07:59";;Nein;Ja;;;;1;;"Ich nutze die Plattform nicht";"Keine Angabe";"Keine Angabe";;"Könnte nützlich sein";"Könnte nützlich sein";"Könnte nützlich sein";"Wahrscheinlich brauche ich es nicht";"Könnte nützlich sein";"Könnte nützlich sein";"Das brauche ich!";"Das brauche ich!";"Das brauche ich!";"Das brauche ich!";
110081781;;ja;"08.10.2020 | 07:58";00:04:53;"08.10.2020 | 08:03";;Ja;Nein;;;;;;;;;;"Das brauche ich!";"Das brauche ich!";"Das brauche ich!";"Könnte nützlich sein";"Das brauche ich!";"Das brauche ich!";"Werde ich definitiv  nicht nutzen!";"Das brauche ich!";"Wahrscheinlich brauche ich es nicht";"Werde ich definitiv  nicht nutzen!";
110081963;;nein;"08.10.2020 | 08:05";00:03:01;;;Ja;Nein;;;;;;;;;;"Das brauche ich!";"Das brauche ich!";"Könnte nützlich sein";"Könnte nützlich sein";"Das brauche ich!";"Könnte nützlich sein";"Wahrscheinlich brauche ich es nicht";"Könnte nützlich sein";"Werde ich definitiv  nicht nutzen!";"Wahrscheinlich brauche ich es nicht";"Anonymität also nur sichtbare namen"
110085446;;ja;"08.10.2020 | 09:43";00:07:02;"08.10.2020 | 09:50";;Ja;Nein;;;;;;;;;;"Könnte nützlich sein";"Wahrscheinlich brauche ich es nicht";"Könnte nützlich sein";"Das brauche ich!";"Könnte nützlich sein";"Das brauche ich!";"Könnte nützlich sein";"Könnte nützlich sein";"Könnte nützlich sein";"Das brauche ich!";
110086024;;ja;"08.10.2020 | 09:58";00:01:59;"08.10.2020 | 10:00";;Ja;Ja;;1;;;;Neutral;;;;"Könnte nützlich sein";"Wahrscheinlich brauche ich es nicht";"Wahrscheinlich brauche ich es nicht";"Könnte nützlich sein";"Werde ich definitiv  nicht nutzen!";"Könnte nützlich sein";"Könnte nützlich sein";"Könnte nützlich sein";"Könnte nützlich sein";"Das brauche ich!";
110086868;;nein;"08.10.2020 | 10:18";00:00:24;;;Ja;Nein;;;;;;;;;;;;;;;;;;;;
110087801;;ja;"08.10.2020 | 10:35";00:07:09;"08.10.2020 | 10:42";;Ja;Ja;1;1;;;;"Ich nutze die Plattform nicht";"Mag ich";"Mag ich weniger";"whats app gruppe mit vielen Mitgliedern, bei der einen nur ein Bruchteil der Nachrichten interessiert.";"Könnte nützlich sein";"Das brauche ich!";"Könnte nützlich sein";"Könnte nützlich sein";"Das brauche ich!";"Das brauche ich!";"Das brauche ich!";"Das brauche ich!";"Das brauche ich!";"Das brauche ich!";"Wer hat mein Paket angenommen?- Suchzentrum"
110088794;;ja;"08.10.2020 | 10:59";00:06:49;"08.10.2020 | 11:06";;Nein;Ja;1;1;;1;;Neutral;"Mag ich";"Mag ich";"Umfragemöglichkeiten fehlen 
Manchmal chaotisch bei Whatsapp";"Könnte nützlich sein";"Könnte nützlich sein";"Könnte nützlich sein";"Könnte nützlich sein";"Könnte nützlich sein";"Das brauche ich!";"Das brauche ich!";"Das brauche ich!";"Das brauche ich!";"Könnte nützlich sein";"Verkaufsoption für Möbel, Kleidung, etc?
Info über Wohnhaussprecher, Kasse, etc.
Habe zwar in Hannover im Wohnheim gewohnt aber hier war Lärm ein großes Thema, daher so eine Art Meldungsoption falls Nachbar WG's zu laut sind oder falls sich die Nachbarn die nicht im Wohnheim leben beschwert haben. Nicht im Sinne von Meldung an die Wohnhausleitung aber vielleicht so dass es alle Bewohner und insbesondere die Verursacher sehen"
110092415;;ja;"08.10.2020 | 12:31";00:01:20;"08.10.2020 | 12:32";;Nein;Nein;;;;;;;;;;"Könnte nützlich sein";"Wahrscheinlich brauche ich es nicht";"Wahrscheinlich brauche ich es nicht";"Das brauche ich!";"Könnte nützlich sein";"Könnte nützlich sein";"Ist mir egal";"Ist mir egal";"Ist mir egal";"Könnte nützlich sein";
110094309;;nein;"08.10.2020 | 13:15";00:01:56;;;Ja;"Ich habe keine Ahnung";;;;;;;;;;"Werde ich definitiv  nicht nutzen!";"Könnte nützlich sein";"Könnte nützlich sein";"Das brauche ich!";"Das brauche ich!";"Das brauche ich!";"Das brauche ich!";"Wahrscheinlich brauche ich es nicht";"Ist mir egal";"Könnte nützlich sein";
110095199;;ja;"08.10.2020 | 13:38";00:01:53;"08.10.2020 | 13:40";;Ja;Nein;;;;;;;;;;"Könnte nützlich sein";"Könnte nützlich sein";"Wahrscheinlich brauche ich es nicht";"Das brauche ich!";"Das brauche ich!";"Könnte nützlich sein";"Könnte nützlich sein";"Könnte nützlich sein";"Das brauche ich!";"Könnte nützlich sein";
110096995;;ja;"08.10.2020 | 14:21";00:01:56;"08.10.2020 | 14:23";;Ja;"Ich habe keine Ahnung";;;;;;;;;;"Könnte nützlich sein";"Könnte nützlich sein";"Könnte nützlich sein";"Wahrscheinlich brauche ich es nicht";"Ist mir egal";"Das brauche ich!";"Könnte nützlich sein";"Wahrscheinlich brauche ich es nicht";"Werde ich definitiv  nicht nutzen!";"Könnte nützlich sein";
110097254;;ja;"08.10.2020 | 14:27";00:01:41;"08.10.2020 | 14:29";;Nein;"Ich habe keine Ahnung";;;;;;;;;;"Könnte nützlich sein";"Könnte nützlich sein";"Könnte nützlich sein";"Das brauche ich!";"Das brauche ich!";"Das brauche ich!";"Das brauche ich!";"Könnte nützlich sein";"Könnte nützlich sein";"Das brauche ich!";
110097766;;ja;"08.10.2020 | 14:38";00:03:19;"08.10.2020 | 14:42";;Ja;"Ich habe keine Ahnung";;;;;;;;;;"Könnte nützlich sein";"Könnte nützlich sein";"Wahrscheinlich brauche ich es nicht";"Könnte nützlich sein";"Das brauche ich!";"Das brauche ich!";"Das brauche ich!";"Das brauche ich!";"Das brauche ich!";"Das brauche ich!";
110100198;;ja;"08.10.2020 | 15:39";00:03:09;"08.10.2020 | 15:42";;Ja;"Ich habe keine Ahnung";;;;;;;;;;"Ist mir egal";"Ist mir egal";"Ist mir egal";"Könnte nützlich sein";"Das brauche ich!";"Das brauche ich!";"Könnte nützlich sein";"Könnte nützlich sein";"Könnte nützlich sein";"Könnte nützlich sein";
110102969;;ja;"08.10.2020 | 16:43";00:01:29;"08.10.2020 | 16:45";;Ja;Nein;;;;;;;;;;"Das brauche ich!";"Das brauche ich!";"Das brauche ich!";"Das brauche ich!";"Das brauche ich!";"Das brauche ich!";"Das brauche ich!";"Das brauche ich!";"Das brauche ich!";"Das brauche ich!";
110103126;;nein;"08.10.2020 | 16:46";00:00:20;;;Ja;Nein;;;;;;;;;;;;;;;;;;;;
110103269;;nein;"08.10.2020 | 16:49";00:00:15;;;Ja;Nein;;;;;;;;;;;;;;;;;;;;
110105895;;ja;"08.10.2020 | 17:48";00:03:56;"08.10.2020 | 17:52";;Ja;Nein;;;;;;;;;;"Wahrscheinlich brauche ich es nicht";"Wahrscheinlich brauche ich es nicht";"Könnte nützlich sein";"Könnte nützlich sein";"Könnte nützlich sein";"Könnte nützlich sein";"Das brauche ich!";"Das brauche ich!";"Das brauche ich!";"Das brauche ich!";"Übersicht Wohnheimspezifische Hotspots (Studikneipen, Studentische Vertretungen, etc.)"
110111908;;ja;"08.10.2020 | 20:15";00:04:29;"08.10.2020 | 20:19";;Ja;"Ich habe keine Ahnung";;;;;;;;;;"Könnte nützlich sein";"Könnte nützlich sein";"Könnte nützlich sein";"Das brauche ich!";"Könnte nützlich sein";"Könnte nützlich sein";"Das brauche ich!";"Das brauche ich!";"Das brauche ich!";"Das brauche ich!";"In der Corona Zeit wäre vielleicht auch eine möglichkeit für eine Webkonferenz für den Heimrat eine Idee, da die sich nicht vor Ort treffen dürfen, oder auch für die Vollversamlung (wo der Heimrat einmal im Jahr gewählt wird). "
110115148;;ja;"08.10.2020 | 21:35";00:02:01;"08.10.2020 | 21:37";;Ja;Nein;;;;;;;;;;"Könnte nützlich sein";"Könnte nützlich sein";"Könnte nützlich sein";"Wahrscheinlich brauche ich es nicht";"Wahrscheinlich brauche ich es nicht";"Wahrscheinlich brauche ich es nicht";"Könnte nützlich sein";"Könnte nützlich sein";"Könnte nützlich sein";"Könnte nützlich sein";
110123971;;ja;"09.10.2020 | 05:16";00:01:21;"09.10.2020 | 05:18";;Nein;Nein;;;;;;;;;;"Könnte nützlich sein";"Das brauche ich!";"Wahrscheinlich brauche ich es nicht";"Könnte nützlich sein";"Wahrscheinlich brauche ich es nicht";"Werde ich definitiv  nicht nutzen!";"Könnte nützlich sein";"Das brauche ich!";"Das brauche ich!";"Könnte nützlich sein";
110134325;;ja;"09.10.2020 | 11:19";00:19:07;"09.10.2020 | 11:38";;Ja;Ja;1;;;;;"Eher schlecht";"Mag ich";"Mag ich weniger";"Eher unübersichtlich. Informationen zu Veranstaltungen, die im Wohnheim stattfinden oder zum Beispiel Fragen von Studierenden zum Wohnen im Wohnheim sind vermischt. Die Plattform wird auch nicht wirklich zum sozialen Austausch verwendet oder um neue Leute kennen zu lernen.";"Könnte nützlich sein";"Das brauche ich!";"Könnte nützlich sein";"Könnte nützlich sein";"Könnte nützlich sein";"Könnte nützlich sein";"Könnte nützlich sein";"Könnte nützlich sein";"Das brauche ich!";"Könnte nützlich sein";"Liste zum Eintragen, wann man die Waschmaschine oder den Trockner verwenden möchte (Datum und Zeitraum), damit man sicher gehen kann, dass die Maschinen in dieser Zeit auch frei sind.

Gruppen/ Gruppen-Chats für bestimmte Interessen: Zum Beispiel Sport (um Leute zu finden, mit denen man Joggen gehen oder Volleyball spielen kann, etc.) oder Kochen, Kunst, Literatur, Gaming, etc. 

Eine Gruppe für Studierende, die neu in Lübeck sind und Hilfe brauchen.

Lerngruppen erstellen und finden.

Alternative zum Flohmarkt: Tauschbörse (Kleidung, Bücher, Möbel, etc.)"
110154033;;ja;"09.10.2020 | 20:29";00:03:28;"09.10.2020 | 20:33";;Ja;Nein;;;;;;;;;;"Werde ich definitiv  nicht nutzen!";"Werde ich definitiv  nicht nutzen!";"Werde ich definitiv  nicht nutzen!";"Könnte nützlich sein";"Könnte nützlich sein";"Wahrscheinlich brauche ich es nicht";"Wahrscheinlich brauche ich es nicht";"Das brauche ich!";"Das brauche ich!";"Wahrscheinlich brauche ich es nicht";
110157794;;ja;"09.10.2020 | 22:34";00:01:48;"09.10.2020 | 22:36";;Nein;Nein;;;;;;;;;;"Könnte nützlich sein";"Könnte nützlich sein";"Könnte nützlich sein";"Könnte nützlich sein";"Könnte nützlich sein";"Könnte nützlich sein";"Das brauche ich!";"Das brauche ich!";"Könnte nützlich sein";"Das brauche ich!";
110224014;;ja;"11.10.2020 | 12:46";00:04:36;"11.10.2020 | 13:32";;Nein;"Ich habe keine Ahnung";;;;;;;;;;"Wahrscheinlich brauche ich es nicht";"Könnte nützlich sein";"Wahrscheinlich brauche ich es nicht";"Könnte nützlich sein";"Könnte nützlich sein";"Könnte nützlich sein";"Könnte nützlich sein";"Könnte nützlich sein";"Könnte nützlich sein";"Könnte nützlich sein";
110239918;;ja;"11.10.2020 | 18:49";00:01:25;"11.10.2020 | 18:50";;Ja;Nein;;;;;;;;;;"Das brauche ich!";"Könnte nützlich sein";"Wahrscheinlich brauche ich es nicht";"Das brauche ich!";"Das brauche ich!";"Das brauche ich!";"Das brauche ich!";"Könnte nützlich sein";"Könnte nützlich sein";"Das brauche ich!";
110240564;;ja;"11.10.2020 | 19:03";00:00:59;"11.10.2020 | 19:04";;Ja;Nein;;;;;;;;;;"Wahrscheinlich brauche ich es nicht";"Wahrscheinlich brauche ich es nicht";"Wahrscheinlich brauche ich es nicht";"Wahrscheinlich brauche ich es nicht";"Könnte nützlich sein";"Könnte nützlich sein";"Könnte nützlich sein";"Könnte nützlich sein";"Wahrscheinlich brauche ich es nicht";"Wahrscheinlich brauche ich es nicht";
110269397;;ja;"12.10.2020 | 11:04";00:02:04;"12.10.2020 | 11:06";;Nein;"Ich habe keine Ahnung";;;;;;;;;;"Könnte nützlich sein";"Könnte nützlich sein";"Wahrscheinlich brauche ich es nicht";"Könnte nützlich sein";"Ist mir egal";"Könnte nützlich sein";"Wahrscheinlich brauche ich es nicht";"Könnte nützlich sein";"Das brauche ich!";"Könnte nützlich sein";
110279116;;nein;"12.10.2020 | 14:33";00:01:14;;;Nein;Nein;;;;;;;;;;;;;;;;;;;;
110284845;;nein;"12.10.2020 | 16:53";00:00:27;;;Nein;"Ich habe keine Ahnung";;;;;;;;;;;;;;;;;;;;
110319599;;ja;"13.10.2020 | 12:31";00:01:21;"13.10.2020 | 12:32";;Nein;"Ich habe keine Ahnung";;;;;;;;;;"Könnte nützlich sein";"Könnte nützlich sein";"Das brauche ich!";"Das brauche ich!";"Wahrscheinlich brauche ich es nicht";"Das brauche ich!";"Das brauche ich!";"Wahrscheinlich brauche ich es nicht";"Das brauche ich!";"Das brauche ich!";
110329154;;ja;"13.10.2020 | 15:58";00:04:51;"13.10.2020 | 16:03";;Ja;Ja;1;1;;;;Angenehm;"Mag ich";"Finde ich gut";;"Könnte nützlich sein";"Wahrscheinlich brauche ich es nicht";"Das brauche ich!";"Das brauche ich!";"Könnte nützlich sein";"Das brauche ich!";"Könnte nützlich sein";"Das brauche ich!";"Könnte nützlich sein";"Wahrscheinlich brauche ich es nicht";Musikraum-Buchungen
110415450;;ja;"15.10.2020 | 14:11";00:01:09;"15.10.2020 | 14:12";;Nein;"Ich habe keine Ahnung";;;;;;;;;;"Könnte nützlich sein";"Das brauche ich!";"Könnte nützlich sein";"Das brauche ich!";"Das brauche ich!";"Das brauche ich!";"Das brauche ich!";"Das brauche ich!";"Könnte nützlich sein";"Das brauche ich!";
110562129;;nein;"19.10.2020 | 12:51";00:00:14;;;Ja;Nein;;;;;;;;;;;;;;;;;;;;
110688206;;ja;"21.10.2020 | 15:26";00:02:46;"21.10.2020 | 15:28";;Ja;Ja;1;1;;1;;Neutral;"Keine Angabe";"Keine Angabe";;"Könnte nützlich sein";"Könnte nützlich sein";"Das brauche ich!";"Das brauche ich!";"Wahrscheinlich brauche ich es nicht";"Könnte nützlich sein";"Das brauche ich!";"Das brauche ich!";"Das brauche ich!";"Das brauche ich!";
110691560;;ja;"21.10.2020 | 16:27";00:04:22;"21.10.2020 | 16:31";;Ja;Nein;;;;;;;;;;"Wahrscheinlich brauche ich es nicht";"Könnte nützlich sein";"Könnte nützlich sein";"Das brauche ich!";"Könnte nützlich sein";"Ist mir egal";"Ist mir egal";"Könnte nützlich sein";"Das brauche ich!";"Ist mir egal";"Wg-Gruppenchats, in die man nur eintreten kann, wenn man den Zugangsschlüssel beim Hausmeister bekommt. Wenn ich also einziehe und mich vorab schonmal mit meinen neuen Mitbewohnern unterhalten möchte. "
110802719;;nein;"23.10.2020 | 21:34";00:00:36;;;Nein;"Ich habe keine Ahnung";;;;;;;;;;;;;;;;;;;;
"