{
  "mapArray": [
    [2, 2, 2, 2, 2, 2, 2, 2, 2],
    [0, 0, 0, 3, 3, 3, 0, 0, 0],
    [0, 0, 3, 3, 6, 3, 0, 0, 0],
    [0, 0, 3, 1, 7, 3, 0, 0, 0],
    [0, 0, 3, 5, 6, 3, 0, 0, 0],
    [0, 0, 3, 3, 3, 3, 0, 0, 0],
    [0, 0, 0, 0, 0, 0, 0, 0, 0],
    [0, 0, 0, 0, 0, 0, 0, 0, 0]
  ], "maxActions": 13,
  "maxProcActions" : 0,
  "neededItems": 3,
  "playerYpos": 3,
  "playerXpos": 3,
  "playerFaceDir": "right",
  "showLoopInfo": false,
  "showCheckField" : true,
  "showMoveTillObstacle" : false,
  "showProc" : false
}