{
  "mapArray": [
    [2, 2, 2, 2, 2, 2, 2, 2, 2],
    [0, 0, 0, 3, 3, 3, 3, 0, 0],
    [0, 0, 3, 3, 6, 6, 3, 0, 0],
    [0, 0, 3, 3, 7, 1, 3, 0, 0],
    [0, 0, 3, 5, 7, 3, 3, 0, 0],
    [0, 0, 3, 3, 3, 3, 0, 0, 0],
    [0, 0, 0, 0, 0, 0, 0, 0, 0],
    [0, 0, 0, 0, 0, 0, 0, 0, 0]
  ], "maxActions": 14,
  "maxProcActions" : 0,
  "neededItems": 4,
  "playerYpos": 3,
  "playerXpos": 5,
  "playerFaceDir": "up",
  "showLoopInfo": false,
  "showCheckField" : true,
  "showMoveTillObstacle" : false,
  "showProc" : false
}