{
  "mapArray": [
    [2, 2, 2, 2, 2, 2, 2, 2, 2],
    [0, 0, 0, 0, 0, 0, 3, 3, 0],
    [0, 0, 0, 0, 0, 3, 5, 3, 0],
    [0, 0, 0, 0, 3, 1, 6, 3, 0],
    [0, 0, 0, 3, 1, 6, 3, 0, 0],
    [0, 0, 3, 1, 6, 3, 0, 0, 0],
    [0, 0, 3, 1, 3, 0, 0, 0, 0],
    [0, 0, 3, 3, 0, 0, 0, 0, 0]
  ], "maxActions": 5,
  "maxProcActions" : 0,
  "neededItems": 3,
  "playerYpos": 6,
  "playerXpos": 3,
  "playerFaceDir": "up",
  "showLoopInfo": true,
  "showCheckField" : true,
  "showMoveTillObstacle" : false,
  "showProc" : false
}