{
  "mapArray": [
    [2, 2, 2, 2, 2, 2, 2, 2, 2],
    [0, 3, 3, 3, 3, 3, 0, 0, 0],
    [0, 3, 5, 1, 1, 3, 0, 0, 0],
    [0, 3, 3, 3, 1, 3, 0, 0, 0],
    [0, 0, 0, 3, 1, 3, 0, 0, 0],
    [0, 0, 0, 3, 1, 3, 0, 0, 0],
    [0, 0, 0, 3, 3, 3, 0, 0, 0],
    [0, 0, 0, 0, 0, 0, 0, 0, 0]
  ], "maxActions": 2,
  "maxProcActions" : 0,
  "neededItems": 0,
  "playerYpos": 5,
  "playerXpos": 4,
  "playerFaceDir": "right",
  "showLoopInfo": true,
  "showCheckField" : false,
  "showMoveTillObstacle" : true,
  "showProc" : false
}