{
  "mapArray": [
    [2, 2, 2, 2, 2, 2, 2, 2, 2],
    [0, 0, 3, 3, 3, 3, 3, 0, 0],
    [0, 0, 3, 6, 1, 6, 3, 0, 0],
    [0, 0, 3, 1, 3, 1, 3, 0, 0],
    [0, 0, 3, 6, 3, 6, 3, 0, 0],
    [0, 0, 3, 7, 5, 1, 3, 0, 0],
    [0, 0, 3, 3, 3, 1, 3, 0, 0],
    [0, 0, 3, 3, 3, 3, 3, 0, 0]
  ], "maxActions": 11,
  "maxProcActions" : 2,
  "neededItems": 5,
  "playerYpos": 6,
  "playerXpos": 5,
  "playerFaceDir": "up",
  "showLoopInfo": false,
  "showCheckField" : true,
  "showMoveTillObstacle" : true,
  "showProc" : true
}