{
  "mapArray": [
    [2, 2, 2, 2, 2, 2, 2, 2, 2],
    [0, 0, 0, 0, 0, 0, 0, 0, 0],
    [0, 3, 3, 3, 3, 3, 0, 0, 0],
    [0, 3, 1, 6, 1, 3, 0, 0, 0],
    [0, 3, 1, 3, 6, 3, 3, 3, 0],
    [0, 3, 1, 3, 1, 1, 5, 3, 0],
    [0, 3, 3, 3, 3, 3, 3, 3, 0],
    [0, 0, 0, 0, 0, 0, 0, 0, 0]
  ], "maxActions": 13,
  "maxProcActions" : 0,
  "neededItems": 2,
  "playerYpos": 5,
  "playerXpos": 2,
  "playerFaceDir": "up",
  "showLoopInfo": false,
  "showCheckField" : false,
  "showMoveTillObstacle" : false,
  "showProc" : false
}