{
  "openapi": "3.0.1",
  "info": {
    "title": "Websocket-Relay-Server",
    "termsOfService": "",
    "contact": {
      "email": "cedric.pump.mail@gmail.com"
    },
    "license": {
      "name": "GPL-3.0",
      "url": "https://www.gnu.org/licenses/gpl-3.0.en.html"
    },
    "version": "1.0.0",
    "description": "The Websocket-Relay-Server API lets its user create and delete Channels for Message Forwarding using Websocket Clients.<br>The user creates a messaging channel using this REST API and sets a messaging pattern. Suported pattern are \"Echo\", \"Publish-Subscribe\", \"Push-Pull\", \"Request-Reply\" and \"Fan-in/out\". Each Channel uses a simple Token for authentification that must be saved on creaton.<br>\nOnce a Channel ist creates WebSocket CLients can connect via the API to send and receive messages<br>\n<p>For more Information on how to use the REST API see  <a href=\"https://api.ba-pump.mylab.th-luebeck.de/readme\">README</a>.</p>"
  },
  "externalDocs": {
    "description": "Full documentaion",
    "url": "https://api.ba-pump.mylab.th-luebeck.de/readme"
  },
  "servers": [],
  "tags": [
    {
      "name": "channels",
      "description": "administrate channels",
      "externalDocs": {
        "description": "Usage Documentation",
        "url": "https://api.ba-pump.mylab.th-luebeck.de/readme"
      }
    },
    {
      "name": "cluster",
      "description": "administrate cluster configuration"
    },
    {
      "name": "docs",
      "description": "swagger API and readmes"
    },
    {
      "name": "service",
      "description": "service metadata and configuration"
    },
    {
      "name": "Browser-Only-Support",
      "description": "Requests to use API from Browser"
    }
  ],
  "paths": {
    "/channels": {
      "get": {
        "tags": [
          "channels"
        ],
        "summary": "get all Channels",
        "operationId": "getChannels",
        "parameters": [
          {
            "name": "auth",
            "in": "query",
            "description": "authentication token via query",
            "schema": {
              "type": "string"
            }
          }
        ],
        "responses": {
          "200": {
            "description": "Success",
            "content": {
              "application/json": {
                "schema": {
                  "type": "object",
                  "properties": {
                    "data": {
                      "type": "array",
                      "items": {
                        "$ref": "#/components/schemas/channel"
                      }
                    },
                    "message": {
                      "type": "string",
                      "example": "Success!"
                    }
                  }
                }
              }
            }
          },
          "401": {
            "description": "Unauthorized"
          }
        }
      },
      "post": {
        "tags": [
          "channels"
        ],
        "summary": "create a Channel",
        "operationId": "addChannel",
        "requestBody": {
          "description": "Channel Parameters",
          "content": {
            "application/json": {
              "schema": {
                "$ref": "#/components/schemas/channelparameters"
              }
            }
          },
          "required": true
        },
        "responses": {
          "201": {
            "description": "Created",
            "content": {
              "application/json": {
                "schema": {
                  "type": "object",
                  "properties": {
                    "data": {
                      "$ref": "#/components/schemas/channel"
                    },
                    "message": {
                      "type": "string",
                      "example": "Success!"
                    },
                    "token": {
                      "type": "string",
                      "example": "ABcd12EFgh45"
                    }
                  }
                }
              }
            }
          },
          "400": {
            "description": "Failed"
          },
          "401": {
            "description": "UNAUTHORIZED"
          }
        }
      }
    },
    "/channels/{id}": {
      "get": {
        "tags": [
          "channels"
        ],
        "summary": "get Channel by id",
        "operationId": "getChannelById",
        "parameters": [
          {
            "name": "id",
            "in": "path",
            "description": "Channel ID",
            "required": true,
            "schema": {
              "type": "string"
            }
          },
          {
            "name": "auth",
            "in": "query",
            "description": "authentication token via query",
            "schema": {
              "type": "string"
            }
          }
        ],
        "responses": {
          "200": {
            "description": "Success",
            "content": {
              "application/json": {
                "schema": {
                  "type": "object",
                  "properties": {
                    "data": {
                      "$ref": "#/components/schemas/channel"
                    },
                    "message": {
                      "type": "string",
                      "example": "Success!"
                    }
                  }
                }
              }
            }
          },
          "401": {
            "description": "Unauthorized"
          },
          "404": {
            "description": "NOT FOUND"
          }
        }
      },
      "delete": {
        "tags": [
          "channels"
        ],
        "summary": "delete Channel by id",
        "operationId": "deleteChannelById",
        "parameters": [
          {
            "name": "id",
            "in": "path",
            "description": "Channel ID",
            "required": true,
            "schema": {
              "type": "string"
            }
          },
          {
            "name": "auth",
            "in": "query",
            "description": "authentication token via query",
            "schema": {
              "type": "string"
            }
          }
        ],
        "responses": {
          "200": {
            "description": "Success",
            "content": {
              "application/json": {
                "schema": {
                  "type": "object",
                  "properties": {
                    "message": {
                      "type": "string",
                      "example": "Success! Channel was found and deleted."
                    }
                  }
                }
              }
            }
          },
          "401": {
            "description": "Unauthorized"
          },
          "404": {
            "description": "NOT FOUND"
          }
        }
      }
    },
    "/channels/{id}/connect": {
      "get": {
        "tags": [
          "channels"
        ],
        "summary": "Connect to Websocket server",
        "description": "this path is used to connect a Websocket Client to the service<br>Requests are typicaly send from a Websocket Client an therefor contain special headers.<br>this path uses \"ws://\" or \"wss://\" prefix instead of \"http://\" or \"https://\"",
        "operationId": "connectChannel",
        "parameters": [
          {
            "name": "id",
            "in": "path",
            "description": "Channel ID",
            "required": true,
            "schema": {
              "type": "string"
            }
          },
          {
            "name": "Connection",
            "in": "header",
            "required": true,
            "schema": {
              "type": "string",
              "enum": [
                "Upgrade"
              ]
            }
          },
          {
            "name": "Upgrade",
            "in": "header",
            "required": true,
            "schema": {
              "type": "string",
              "enum": [
                "websocket"
              ]
            }
          },
          {
            "name": "Sec-WebSocket-Key",
            "in": "header",
            "required": true,
            "schema": {
              "type": "string"
            }
          },
          {
            "name": "Sec-WebSocket-Version",
            "in": "header",
            "required": true,
            "schema": {
              "type": "string",
              "default": "13"
            }
          },
          {
            "name": "Sec-WebSocket-Extensions",
            "in": "header",
            "required": true,
            "schema": {
              "type": "string",
              "default": "permessage-deflate; client_max_window_bits"
            }
          },
          {
            "name": "Sec-WebSocket-Protocol",
            "in": "header",
            "schema": {
              "type": "string"
            }
          },
          {
            "name": "auth",
            "in": "query",
            "description": "authentication token via query",
            "schema": {
              "type": "string"
            }
          },
          {
            "name": "token",
            "in": "query",
            "description": "channel token",
            "required": true,
            "schema": {
              "type": "string"
            }
          }
        ],
        "responses": {
          "101": {
            "description": "switching protocolls"
          },
          "401": {
            "description": "Unauthorized"
          },
          "404": {
            "description": "NOT FOUND"
          }
        }
      }
    },
    "/cluster": {
      "get": {
        "tags": [
          "cluster"
        ],
        "summary": "get current cluster configuration",
        "description": "get current cluster configuration",
        "operationId": "getNodes",
        "parameters": [
          {
            "name": "auth",
            "in": "query",
            "description": "authentication token via query",
            "schema": {
              "type": "string"
            }
          }
        ],
        "responses": {
          "200": {
            "description": "Success",
            "content": {
              "application/json": {
                "schema": {
                  "type": "object",
                  "properties": {
                    "message": {
                      "type": "string",
                      "example": "Success!"
                    },
                    "data": {
                      "type": "object",
                      "$ref": "#/components/schemas/cluster"
                    }
                  }
                }
              }
            }
          },
          "401": {
            "description": "Unauthorized"
          }
        }
      }
    },
    "/cluster/{id}": {
      "delete": {
        "tags": [
          "cluster"
        ],
        "summary": "manually remove broken cluster nodes",
        "description": "Manually remove broken cluster nodes. This does not end nodes.",
        "operationId": "remove",
        "parameters": [
          {
            "name": "id",
            "in": "path",
            "description": "Node id to remove",
            "required": true,
            "schema": {
              "type": "string"
            }
          },
          {
            "name": "auth",
            "in": "query",
            "description": "authentication token via query",
            "schema": {
              "type": "string"
            }
          }
        ],
        "responses": {
          "200": {
            "description": "Success",
            "content": {
              "application/json": {
                "schema": {
                  "type": "object",
                  "properties": {
                    "message": {
                      "type": "string",
                      "example": "Success!"
                    },
                    "data": {
                      "type": "array",
                      "items": {
                        "type": "object",
                        "$ref": "#/components/schemas/cluster"
                      }
                    }
                  }
                }
              }
            }
          },
          "401": {
            "description": "Unauthorized"
          },
          "404": {
            "description": "Node not found"
          }
        }
      }
    },
    "/cluster/{id}/remove": {
      "get": {
        "tags": [
          "Browser-Only-Support"
        ],
        "summary": "manually remove broken cluster nodes",
        "description": "Manually remove broken cluster nodes. This does not end nodes.",
        "operationId": "get_remove",
        "parameters": [
          {
            "name": "id",
            "in": "path",
            "description": "Node id to remove",
            "required": true,
            "schema": {
              "type": "string"
            }
          },
          {
            "name": "auth",
            "in": "query",
            "description": "authentication token via query",
            "schema": {
              "type": "string"
            }
          }
        ],
        "responses": {
          "200": {
            "description": "Success",
            "content": {
              "application/json": {
                "schema": {
                  "type": "object",
                  "properties": {
                    "message": {
                      "type": "string",
                      "example": "Success!"
                    },
                    "data": {
                      "type": "object",
                      "$ref": "#/components/schemas/cluster"
                    }
                  }
                }
              }
            }
          },
          "401": {
            "description": "Unauthorized"
          },
          "404": {
            "description": "Node not found"
          }
        }
      }
    },
    "/channels/{id}/delete": {
      "get": {
        "tags": [
          "Browser-Only-Support"
        ],
        "summary": "delete Channel by id",
        "operationId": "get_deleteChannelById",
        "parameters": [
          {
            "name": "id",
            "in": "path",
            "description": "Channel ID",
            "required": true,
            "schema": {
              "type": "string"
            }
          },
          {
            "name": "auth",
            "in": "query",
            "description": "authentication token via query",
            "schema": {
              "type": "string"
            }
          }
        ],
        "responses": {
          "200": {
            "description": "Success",
            "content": {
              "application/json": {
                "schema": {
                  "type": "object",
                  "properties": {
                    "message": {
                      "type": "string",
                      "example": "Success!"
                    },
                    "data": {
                      "type": "object",
                      "$ref": "#/components/schemas/cluster"
                    }
                  }
                }
              }
            }
          },
          "401": {
            "description": "Unauthorized"
          },
          "404": {
            "description": "NOT FOUND"
          }
        }
      }
    },
    "/channel/create": {
      "get": {
        "tags": [
          "Browser-Only-Support"
        ],
        "summary": "create a Channel",
        "operationId": "get_addChannel",
        "parameters": [
          {
            "name": "pattern",
            "in": "query",
            "description": "massage distribution pattern",
            "required": true,
            "schema": {
              "type": "string",
              "enum": [
                "pub-sub",
                "push-pull",
                "req-repl",
                "fan-in-out"
              ]
            }
          },
          {
            "name": "clientlimit",
            "in": "query",
            "description": "limit of connected clients (-1 to disable)",
            "schema": {
              "maximum": 9007199254740991,
              "minimum": -1,
              "type": "integer",
              "default": -1
            }
          },
          {
            "name": "timeout",
            "in": "query",
            "description": "idle timeout for automatic destruction (-1 to disable)",
            "schema": {
              "maximum": 9007199254740991,
              "minimum": -1,
              "type": "integer",
              "default": 86400000
            }
          },
          {
            "name": "auth",
            "in": "query",
            "description": "authentication token via query",
            "schema": {
              "type": "string"
            }
          }
        ],
        "responses": {
          "201": {
            "description": "Created",
            "content": {
              "application/json": {
                "schema": {
                  "type": "object",
                  "properties": {
                    "data": {
                      "$ref": "#/components/schemas/channel"
                    },
                    "message": {
                      "type": "string",
                      "example": "Success, save your token!"
                    },
                    "token": {
                      "type": "string",
                      "example": "ABcd12EFgh45"
                    }
                  }
                }
              }
            }
          },
          "400": {
            "description": "Failed"
          },
          "401": {
            "description": "UNAUTHORIZED"
          }
        }
      }
    },
    "/cluster/join/{address}": {
      "get": {
        "tags": [
          "Browser-Only-Support"
        ],
        "summary": "manually join an existing cluster",
        "description": "manually join an existing cluster",
        "operationId": "get_join",
        "parameters": [
          {
            "name": "address",
            "in": "path",
            "description": "Node address ip:port",
            "required": true,
            "schema": {
              "type": "string"
            }
          },
          {
            "name": "auth",
            "in": "query",
            "description": "authentication token via query",
            "schema": {
              "type": "string"
            }
          }
        ],
        "responses": {
          "200": {
            "description": "Success",
            "content": {
              "application/json": {
                "schema": {
                  "type": "object",
                  "properties": {
                    "message": {
                      "type": "string",
                      "example": "Success!"
                    },
                    "data": {
                      "type": "object",
                      "properties": {
                        "nodes": {
                          "type": "array",
                          "items": {
                            "$ref": "#/components/schemas/node"
                          }
                        },
                        "self": {
                          "type": "string",
                          "example": "AA11"
                        },
                        "state": {
                          "type": "string",
                          "example": "FOLLOWER"
                        }
                      }
                    }
                  }
                }
              }
            }
          },
          "401": {
            "description": "Unauthorized"
          }
        }
      },
      "post": {
        "tags": [
          "cluster"
        ],
        "summary": "manually join an existing cluster",
        "description": "manually join an existing cluster",
        "operationId": "join",
        "parameters": [
          {
            "name": "address",
            "in": "path",
            "description": "Node address ip:port",
            "required": true,
            "schema": {
              "type": "string"
            }
          },
          {
            "name": "auth",
            "in": "query",
            "description": "authentication token via query",
            "schema": {
              "type": "string"
            }
          }
        ],
        "requestBody": {
          "description": "authentication token via body",
          "content": {
            "*/*": {
              "schema": {
                "$ref": "#/components/schemas/auth-body"
              }
            }
          },
          "required": false
        },
        "responses": {
          "200": {
            "description": "Success",
            "content": {
              "application/json": {
                "schema": {
                  "type": "object",
                  "properties": {
                    "data": {
                      "type": "object",
                      "properties": {
                        "nodes": {
                          "type": "array",
                          "items": {
                            "$ref": "#/components/schemas/node"
                          }
                        },
                        "self": {
                          "type": "string",
                          "example": "AA11"
                        },
                        "state": {
                          "type": "string",
                          "example": "FOLLOWER"
                        }
                      }
                    },
                    "message": {
                      "type": "string",
                      "example": "Success!"
                    }
                  }
                }
              }
            }
          },
          "401": {
            "description": "Unauthorized"
          }
        }
      }
    },
    "/reset": {
      "get": {
        "tags": [
          "Browser-Only-Support"
        ],
        "summary": "reset all Channels",
        "description": "reset all Channels",
        "parameters": [
          {
            "name": "auth",
            "in": "query",
            "description": "authentication token via query",
            "schema": {
              "type": "string"
            }
          }
        ],
        "responses": {
          "200": {
            "description": "Success"
          },
          "401": {
            "description": "Unauthorized"
          }
        }
      },
      "delete": {
        "tags": [
          "service"
        ],
        "summary": "reset all Channels",
        "description": "reset all Channels",
        "parameters": [
          {
            "name": "auth",
            "in": "query",
            "description": "authentication token via query",
            "schema": {
              "type": "string"
            }
          }
        ],
        "responses": {
          "200": {
            "description": "Success"
          },
          "401": {
            "description": "Unauthorized"
          }
        }
      }
    },
    "/service": {
      "get": {
        "tags": [
          "service"
        ],
        "summary": "show service meta data",
        "description": "show service meta data",
        "parameters": [
          {
            "name": "auth",
            "in": "query",
            "description": "authentication token via query",
            "schema": {
              "type": "string"
            }
          }
        ],
        "responses": {
          "200": {
            "description": "Success"
          },
          "401": {
            "description": "Unauthorized"
          }
        }
      }
    },
    "/docs": {
      "get": {
        "tags": [
          "docs"
        ],
        "summary": "Swagger API",
        "description": "show Swagger API",
        "parameters": [
          {
            "name": "auth",
            "in": "query",
            "description": "authentication token via query",
            "schema": {
              "type": "string"
            }
          }
        ],
        "responses": {
          "301": {
            "description": "Moved Permanently"
          },
          "401": {
            "description": "Unauthorized"
          }
        }
      }
    },
    "/readme": {
      "get": {
        "tags": [
          "docs"
        ],
        "summary": "Readme",
        "description": "show Readme as HTML",
        "parameters": [
          {
            "name": "auth",
            "in": "query",
            "description": "authentication token via query",
            "schema": {
              "type": "string"
            }
          }
        ],
        "responses": {
          "304": {
            "description": "Not Modified"
          },
          "401": {
            "description": "Unauthorized"
          }
        }
      }
    }
  },
  "security": [
    {
      "auth": []
    }
  ],
  "components": {
    "securitySchemes": {
      "auth": {
        "type": "http",
        "scheme": "bearer",
        "bearerFormat": "JWT"
      }
    },
    "schemas": {
      "cluster": {
        "type": "object",
        "properties": {
          "self": {
            "type": "string",
            "example": "AA11"
          },
          "state": {
            "type": "string",
            "example": "FOLLOWER"
          },
          "nodes": {
            "type": "array",
            "items": {
              "$ref": "#/components/schemas/node"
            }
          },
          "logSize": {
            "type": "integer",
            "example": 598
          },
          "snapshotSize": {
            "type": "integer",
            "example": 500
          },
          "leader": {
            "type": "string",
            "example": "AA11"
          }
        }
      },
      "node": {
        "type": "object",
        "properties": {
          "id": {
            "type": "string",
            "example": "AA11"
          },
          "address": {
            "type": "string",
            "example": "0.0.0.0"
          },
          "publicAddress": {
            "type": "string",
            "example": "0.0.0.0"
          },
          "port": {
            "type": "integer",
            "example": 4000
          }
        }
      },
      "channelparameters": {
        "required": [
          "pattern"
        ],
        "type": "object",
        "properties": {
          "pattern": {
            "$ref": "#/components/schemas/pattern"
          },
          "clientLimit": {
            "maximum": 9007199254740991,
            "minimum": -1,
            "type": "integer",
            "description": "limit of connected clients (-1 to disable)",
            "example": -1
          },
          "timeout": {
            "maximum": 9007199254740991,
            "minimum": -1,
            "type": "integer",
            "description": "idle timeout for automatic destruction (-1 to disable)",
            "example": 86400000
          }
        }
      },
      "pattern": {
        "type": "string",
        "description": "massage distribution pattern",
        "enum": [
          "pub-sub",
          "push-pull",
          "req-repl",
          "fan-in-out"
        ]
      },
      "channel": {
        "type": "object",
        "properties": {
          "id": {
            "type": "string",
            "example": "AA11-BB22"
          },
          "port": {
            "type": "integer",
            "example": 80
          },
          "pattern": {
            "$ref": "#/components/schemas/pattern"
          },
          "timeout": {
            "type": "integer",
            "example": -1
          },
          "countdown": {
            "type": "integer",
            "example": -1
          },
          "clientlimit": {
            "type": "integer",
            "example": -1
          },
          "clients": {
            "type": "integer",
            "example": 0
          }
        }
      },
      "auth-body": {
        "type": "object",
        "properties": {
          "auth": {
            "type": "string",
            "example": "TEST_TOKEN"
          }
        }
      }
    }
  }
}