[
  {
    "name": "CPU-Idle",
    "type": "numeric",
    "checks": {
      "min": 0.85,
      "max": 0.30,
      "inverse":true,
      "has-total":false
    },
    "aggregations": [
      {
        "name": "cpu-idle",
        "field": "system.cpu.idle.pct",
        "func": "avg"
      }
    ]
  },
  {
    "name": "Memory-Use",
    "type": "numeric",
    "checks": {
      "min": 0.15,
      "max": 0.6,
      "has-total":true
    },
    "aggregations": [
      {
        "name": "memory-used",
        "field": "system.memory.actual.used.bytes",
        "func": "avg"
      },
      {
        "name": "memory-total",
        "field": "system.memory.total",
        "func":"max"
      }
    ]
  },
  {
    "name": "Http-Error-Count",
    "type": "boolean",
    "checks": {
      "count":{
        "max":5
      }
    },
    "aggregations":[
      {
        "name": "http-error",
        "field": "http.response.code",
        "range": {
          "min": 226,
          "max": 500
        }
      }
    ]
  },
  {
    "name": "Http-response-limit",
    "type": "boolean",
    "strict":true,
    "checks": {
      "count":{
        "max":20
      }
    },
    "aggregations":[
      {
        "name": "http-time",
        "field": "responsetime",
        "func":"avg"
      }
    ]
  }
]