<project xmlns="http://maven.apache.org/POM/4.0.0"
	xmlns:xsi="http://www.w3.org/2001/XMLSchema-instance"
	xsi:schemaLocation="http://maven.apache.org/POM/4.0.0 https://maven.apache.org/xsd/maven-4.0.0.xsd">
	<modelVersion>4.0.0</modelVersion>
	<groupId>de.aeb.thesis</groupId>
	<artifactId>DemoProject</artifactId>
	<version>0.0.1-SNAPSHOT</version>

	<properties>
		<maven.compiler.source>11</maven.compiler.source>
		<maven.compiler.target>11</maven.compiler.target>
		<maven.compiler.compilerVersion>11</maven.compiler.compilerVersion>
	</properties>
	
	<build>
		<plugins>
			<plugin>
                <artifactId>maven-failsafe-plugin</artifactId>
                <version>3.0.0-M5</version>
				<dependencies>
					<dependency>
						<groupId>org.junit.jupiter</groupId>
						<artifactId>junit-jupiter-engine</artifactId>
						<version>5.7.0-M1</version>
					</dependency>
				</dependencies>
				<configuration>
			        <includes>
			            <include>**/*ApplicationTestUseCaseThree</include>
			        </includes>
			    </configuration>
			    <executions>
			    	<execution>
			    		<goals>
			    			<goal>integration-test</goal>
			    			<goal>verify</goal>
			    		</goals>
			    	</execution>
			    </executions>
			</plugin>
			<plugin>
				<groupId>de.aeb.thesis</groupId>
				<artifactId>MavenPlugin</artifactId>
				<version>0.0.1-SNAPSHOT</version>
				<executions>
					<execution>
						<id>create-databases</id>
						<phase>pre-integration-test</phase>
						<configuration>
							<url>http://localhost:8080</url>
							<type>MSSQL</type>
							<databaseName>TargetDemoDb</databaseName>
							<pathToData>${project.basedir}/src/test/resources/MSSQL/script.sql
							</pathToData>
							<accessDataToDatabasesDir>${project.basedir}/src/test/resources/access-data-databases
							</accessDataToDatabasesDir>
						</configuration>
						<goals>
							<goal>createDatabaseFromData</goal>
						</goals>
					</execution>
					<execution>
						<id>create-backup-one</id>
						<phase>pre-integration-test</phase>
						<configuration>
							<url>http://localhost:8080</url>
							<type>MSSQL</type>
							<databaseName>TargetDemoDb</databaseName>
							<backupName>DemoDB_Backup</backupName>
							<comment>TEST</comment>
						</configuration>
						<goals>
							<goal>createDatabaseBackup</goal>
						</goals>
					</execution>
					<execution>
						<id>create-backup-two</id>
						<phase>integration-test</phase>
						<configuration>
							<url>http://localhost:8080</url>
							<type>MSSQL</type>
							<databaseName>TargetDemoDb</databaseName>
							<backupName>DemoDb_Backup_Manipulated</backupName>
							<comment>TEST</comment>
						</configuration>
						<goals>
							<goal>createDatabaseBackup</goal>
						</goals>
					</execution>
					<execution>
						<id>compare-backups-one</id>
						<phase>integration-test</phase>
						<configuration>
							<url>http://localhost:8080</url>
							<type>MSSQL</type>
							<nameFirstBackup>DemoDB_Backup</nameFirstBackup>
							<nameSecondBackup>DemoDb_Backup_Manipulated</nameSecondBackup>
						</configuration>
						<goals>
							<goal>compareBackups</goal>
						</goals>
					</execution>
					<execution>
						<id>restore-database</id>
						<phase>integration-test</phase>
						<configuration>
							<url>http://localhost:8080</url>
							<type>MSSQL</type>
							<databaseName>TargetDemoDb</databaseName>
							<backupName>DemoDb_Backup</backupName>
						</configuration>
						<goals>
							<goal>restoreDatabase</goal>
						</goals>
					</execution>
					<execution>
						<id>create-backup-three</id>
						<phase>integration-test</phase>
						<configuration>
							<url>http://localhost:8080</url>
							<type>MSSQL</type>
							<databaseName>TargetDemoDb</databaseName>
							<backupName>DemoDb_Backup_Restored</backupName>
							<comment>TEST</comment>
						</configuration>
						<goals>
							<goal>createDatabaseBackup</goal>
						</goals>
					</execution>
					<execution>
						<id>compare-backups-two</id>
						<phase>integration-test</phase>
						<configuration>
							<url>http://localhost:8080</url>
							<type>MSSQL</type>
							<nameFirstBackup>DemoDB_Backup</nameFirstBackup>
							<nameSecondBackup>DemoDb_Backup_Restored</nameSecondBackup>
						</configuration>
						<goals>
							<goal>compareBackups</goal>
						</goals>
					</execution>
					<execution>
						<id>delete-databases</id>
						<phase>post-integration-test</phase>
						<configuration>
							<url>http://localhost:8080</url>
							<type>MSSQL</type>
							<databaseName>TargetDemoDb</databaseName>
							<deleteAllBackups>true</deleteAllBackups>
							<accessDataToDatabasesDir>${project.basedir}/src/test/resources/access-data-databases
							</accessDataToDatabasesDir>
						</configuration>
						<goals>
							<goal>deleteDatabase</goal>
						</goals>
					</execution>
				</executions>
			</plugin>
		</plugins>
	</build>

	<dependencies>
		<dependency>
			<groupId>org.springframework.boot</groupId>
			<artifactId>spring-boot</artifactId>
			<version>2.3.1.RELEASE</version>
		</dependency>
		<dependency>
			<groupId>org.springframework.boot</groupId>
			<artifactId>spring-boot-autoconfigure</artifactId>
			<version>2.3.1.RELEASE</version>
		</dependency>
		<dependency>
			<groupId>org.springframework.boot</groupId>
			<artifactId>spring-boot-starter-web</artifactId>
			<version>2.3.1.RELEASE</version>
		</dependency>
		<dependency>
			<groupId>org.junit.jupiter</groupId>
			<artifactId>junit-jupiter-api</artifactId>
			<version>5.7.0-M1</version>
			<scope>test</scope>
		</dependency>
		<dependency>
			<groupId>com.microsoft.sqlserver</groupId>
			<artifactId>mssql-jdbc</artifactId>
			<version>8.3.1.jre11-preview</version>
		</dependency>
	</dependencies>
</project>